from_id,to_id
01001,p90
01003,p90
01005,p90
01007,p89
01009,p90
01011,p90
01013,p90
01015,p90
01017,p90
01019,p90
01021,p90
01023,p89
01025,p90
01027,p90
01029,p90
01031,p90
01033,p89
01035,p90
01037,p90
01039,p90
01041,p90
01043,p89
01045,p90
01047,p90
01049,p89
01051,p90
01053,p90
01055,p90
01057,p89
01059,p89
01061,p90
01063,p89
01065,p89
01067,p90
01069,p90
01071,p89
01073,p89
01075,p89
01077,p89
01079,p89
01081,p90
01083,p89
01085,p90
01087,p90
01089,p89
01091,p89
01093,p89
01095,p89
01097,p90
01099,p90
01101,p90
01103,p89
01105,p89
01107,p89
01109,p90
01111,p90
01113,p90
01115,p90
01117,p89
01119,p89
01121,p90
01123,p90
01125,p89
01127,p89
01129,p90
01131,p89
01133,p89
04001,p29
04003,p28
04005,p28
04007,p28
04009,p28
04011,p28
04012,p28
04013,p28
04015,p27
04017,p28
04019,p30
04021,p28
04023,p30
04025,p28
04027,p28
05001,p85
05003,p85
05005,p85
05007,p56
05009,p56
05011,p85
05013,p85
05015,p56
05017,p85
05019,p85
05021,p85
05023,p56
05025,p85
05027,p85
05029,p85
05031,p85
05033,p56
05035,p85
05037,p85
05039,p85
05041,p85
05043,p85
05045,p85
05047,p56
05049,p85
05051,p85
05053,p85
05055,p85
05057,p85
05059,p85
05061,p56
05063,p85
05065,p85
05067,p85
05069,p85
05071,p56
05073,p85
05075,p85
05077,p85
05079,p85
05081,p85
05083,p56
05085,p85
05087,p56
05089,p56
05091,p85
05093,p85
05095,p85
05097,p56
05099,p85
05101,p56
05103,p85
05105,p85
05107,p85
05109,p56
05111,p85
05113,p56
05115,p85
05117,p85
05119,p85
05121,p85
05123,p85
05125,p85
05127,p56
05129,p56
05131,p56
05133,p85
05135,p85
05137,p85
05139,p85
05141,p56
05143,p56
05145,p85
05147,p85
05149,p85
06001,p9
06003,p9
06005,p9
06007,p9
06009,p9
06011,p9
06013,p9
06015,p9
06017,p9
06019,p9
06021,p9
06023,p9
06025,p10
06027,p10
06029,p10
06031,p9
06033,p9
06035,p8
06037,p10
06039,p9
06041,p9
06043,p9
06045,p9
06047,p9
06049,p8
06051,p10
06053,p9
06055,p9
06057,p9
06059,p10
06061,p9
06063,p9
06065,p10
06067,p9
06069,p9
06071,p10
06073,p11
06075,p9
06077,p9
06079,p9
06081,p9
06083,p9
06085,p9
06087,p9
06089,p9
06091,p9
06093,p8
06095,p9
06097,p9
06099,p9
06101,p9
06103,p9
06105,p9
06107,p10
06109,p9
06111,p10
06113,p9
06115,p9
08001,p33
08003,p34
08005,p33
08007,p34
08009,p34
08011,p34
08013,p33
08014,p33
08015,p34
08017,p34
08019,p33
08021,p34
08023,p34
08025,p34
08027,p34
08029,p34
08031,p33
08033,p34
08035,p33
08037,p33
08039,p34
08041,p34
08043,p34
08045,p33
08047,p33
08049,p33
08051,p34
08053,p34
08055,p34
08057,p33
08059,p33
08061,p34
08063,p34
08065,p33
08067,p34
08069,p33
08071,p34
08073,p34
08075,p33
08077,p33
08079,p34
08081,p33
08083,p34
08085,p34
08087,p33
08089,p34
08091,p34
08093,p33
08095,p33
08097,p33
08099,p34
08101,p34
08103,p33
08105,p34
08107,p33
08109,p34
08111,p34
08113,p34
08115,p33
08117,p33
08119,p33
08121,p33
08123,p33
08125,p33
09001,p132
09003,p132
09005,p132
09007,p132
09009,p132
09011,p132
09013,p132
09015,p132
10001,p125
10003,p125
10005,p125
11001,p123
12001,p101
12003,p101
12005,p91
12007,p101
12009,p102
12011,p102
12013,p91
12015,p101
12017,p101
12019,p101
12021,p101
12023,p101
12027,p101
12029,p101
12031,p101
12033,p91
12035,p101
12037,p101
12039,p101
12041,p101
12043,p101
12045,p91
12047,p101
12049,p101
12051,p101
12053,p101
12055,p101
12057,p101
12059,p91
12061,p102
12063,p91
12065,p101
12067,p101
12069,p101
12071,p101
12073,p101
12075,p101
12077,p101
12079,p101
12081,p101
12083,p101
12085,p102
12086,p102
12087,p101
12089,p101
12091,p91
12093,p101
12095,p101
12097,p101
12099,p102
12101,p101
12103,p101
12105,p101
12107,p101
12109,p101
12111,p102
12113,p91
12115,p101
12117,p101
12119,p101
12121,p101
12123,p101
12125,p101
12127,p101
12129,p101
12131,p91
12133,p91
13001,p94
13003,p94
13005,p94
13007,p94
13009,p94
13011,p94
13013,p94
13015,p94
13017,p94
13019,p94
13021,p94
13023,p94
13025,p94
13027,p94
13029,p94
13031,p94
13033,p94
13035,p94
13037,p94
13039,p94
13043,p94
13045,p94
13047,p94
13049,p94
13051,p94
13053,p94
13055,p94
13057,p94
13059,p94
13061,p94
13063,p94
13065,p94
13067,p94
13069,p94
13071,p94
13073,p94
13075,p94
13077,p94
13079,p94
13081,p94
13083,p94
13085,p94
13087,p94
13089,p94
13091,p94
13093,p94
13095,p94
13097,p94
13099,p94
13101,p94
13103,p94
13105,p94
13107,p94
13109,p94
13111,p94
13113,p94
13115,p94
13117,p94
13119,p94
13121,p94
13123,p94
13125,p94
13127,p94
13129,p94
13131,p94
13133,p94
13135,p94
13137,p94
13139,p94
13141,p94
13143,p94
13145,p94
13147,p94
13149,p94
13151,p94
13153,p94
13155,p94
13157,p94
13159,p94
13161,p94
13163,p94
13165,p94
13167,p94
13169,p94
13171,p94
13173,p94
13175,p94
13177,p94
13179,p94
13181,p94
13183,p94
13185,p94
13187,p94
13189,p94
13191,p94
13193,p94
13195,p94
13197,p94
13199,p94
13201,p94
13205,p94
13207,p94
13209,p94
13211,p94
13213,p94
13215,p94
13217,p94
13219,p94
13221,p94
13223,p94
13225,p94
13227,p94
13229,p94
13231,p94
13233,p94
13235,p94
13237,p94
13239,p94
13241,p94
13243,p94
13245,p94
13247,p94
13249,p94
13251,p94
13253,p94
13255,p94
13257,p94
13259,p94
13261,p94
13263,p94
13265,p94
13267,p94
13269,p94
13271,p94
13273,p94
13275,p94
13277,p94
13279,p94
13281,p94
13283,p94
13285,p94
13287,p94
13289,p94
13291,p94
13293,p94
13295,p94
13297,p94
13299,p94
13301,p94
13303,p94
13305,p94
13307,p94
13309,p94
13311,p94
13313,p94
13315,p94
13317,p94
13319,p94
13321,p94
16001,p15
16003,p15
16005,p16
16007,p16
16009,p14
16011,p16
16013,p15
16015,p15
16017,p14
16019,p16
16021,p14
16023,p15
16025,p15
16027,p15
16029,p16
16031,p16
16033,p16
16035,p15
16037,p15
16039,p15
16041,p16
16043,p16
16045,p15
16047,p15
16049,p15
16051,p16
16053,p15
16055,p14
16057,p14
16059,p15
16061,p14
16063,p15
16065,p16
16067,p15
16069,p14
16071,p16
16073,p15
16075,p15
16077,p16
16079,p15
16081,p16
16083,p16
16085,p15
16087,p15
17001,p81
17003,p81
17005,p81
17007,p80
17009,p81
17011,p81
17013,p81
17015,p80
17017,p81
17019,p83
17021,p83
17023,p83
17025,p83
17027,p81
17029,p83
17031,p80
17033,p83
17035,p83
17037,p80
17039,p83
17041,p83
17043,p80
17045,p83
17047,p83
17049,p83
17051,p81
17053,p83
17055,p81
17057,p81
17059,p81
17061,p81
17063,p80
17065,p81
17067,p81
17069,p81
17071,p81
17073,p81
17075,p83
17077,p81
17079,p83
17081,p81
17083,p81
17085,p80
17087,p81
17089,p80
17091,p80
17093,p80
17095,p81
17097,p80
17099,p80
17101,p83
17103,p80
17105,p80
17107,p82
17109,p81
17111,p80
17113,p83
17115,p83
17117,p81
17119,p81
17121,p81
17123,p82
17125,p81
17127,p81
17129,p81
17131,p81
17133,p81
17135,p81
17137,p81
17139,p83
17141,p80
17143,p82
17145,p81
17147,p83
17149,p81
17151,p81
17153,p81
17155,p81
17157,p81
17159,p83
17161,p81
17163,p81
17165,p81
17167,p82
17169,p81
17171,p81
17173,p83
17175,p81
17177,p80
17179,p82
17181,p81
17183,p83
17185,p83
17187,p81
17189,p81
17191,p81
17193,p81
17195,p80
17197,p80
17199,p81
17201,p80
17203,p82
18001,p105
18003,p105
18005,p107
18007,p105
18009,p105
18011,p105
18013,p107
18015,p105
18017,p105
18019,p107
18021,p107
18023,p105
18025,p107
18027,p107
18029,p107
18031,p107
18033,p105
18035,p105
18037,p107
18039,p105
18041,p107
18043,p107
18045,p105
18047,p107
18049,p105
18051,p107
18053,p105
18055,p107
18057,p106
18059,p105
18061,p107
18063,p105
18065,p107
18067,p105
18069,p105
18071,p107
18073,p105
18075,p105
18077,p107
18079,p107
18081,p107
18083,p107
18085,p105
18087,p105
18089,p105
18091,p105
18093,p107
18095,p105
18097,p106
18099,p105
18101,p107
18103,p105
18105,p107
18107,p105
18109,p107
18111,p105
18113,p105
18115,p107
18117,p107
18119,p107
18121,p105
18123,p107
18125,p107
18127,p105
18129,p107
18131,p105
18133,p105
18135,p105
18137,p107
18139,p107
18141,p105
18143,p107
18145,p107
18147,p107
18149,p105
18151,p105
18153,p107
18155,p107
18157,p105
18159,p105
18161,p107
18163,p107
18165,p105
18167,p105
18169,p105
18171,p105
18173,p107
18175,p107
18177,p107
18179,p105
18181,p105
18183,p105
19001,p70
19003,p70
19005,p69
19007,p70
19009,p45
19011,p70
19013,p69
19015,p70
19017,p69
19019,p69
19021,p45
19023,p69
19025,p45
19027,p45
19029,p70
19031,p70
19033,p45
19035,p45
19037,p69
19039,p70
19041,p45
19043,p69
19045,p70
19047,p45
19049,p70
19051,p70
19053,p70
19055,p70
19057,p70
19059,p45
19061,p70
19063,p45
19065,p69
19067,p69
19069,p45
19071,p45
19073,p70
19075,p69
19077,p70
19079,p70
19081,p45
19083,p70
19085,p45
19087,p70
19089,p69
19091,p45
19093,p45
19095,p70
19097,p70
19099,p70
19101,p70
19103,p70
19105,p70
19107,p70
19109,p45
19111,p70
19113,p70
19115,p70
19117,p70
19119,p45
19121,p70
19123,p70
19125,p70
19127,p70
19129,p45
19131,p69
19133,p45
19135,p70
19137,p45
19139,p70
19141,p45
19143,p45
19145,p45
19147,p45
19149,p45
19151,p45
19153,p70
19155,p45
19157,p70
19159,p70
19161,p45
19163,p70
19165,p45
19167,p45
19169,p70
19171,p70
19173,p45
19175,p70
19177,p70
19179,p70
19181,p70
19183,p70
19185,p70
19187,p45
19189,p45
19191,p69
19193,p45
19195,p45
19197,p45
20001,p53
20003,p53
20005,p53
20007,p53
20009,p53
20011,p53
20013,p53
20015,p53
20017,p53
20019,p53
20021,p53
20023,p52
20025,p53
20027,p53
20029,p53
20031,p53
20033,p53
20035,p53
20037,p53
20039,p52
20041,p53
20043,p53
20045,p53
20047,p53
20049,p53
20051,p53
20053,p53
20055,p52
20057,p53
20059,p53
20061,p53
20063,p52
20065,p52
20067,p52
20069,p53
20071,p52
20073,p53
20075,p52
20077,p53
20079,p53
20081,p53
20083,p53
20085,p53
20087,p53
20089,p53
20091,p53
20093,p52
20095,p53
20097,p53
20099,p53
20101,p52
20103,p53
20105,p53
20107,p53
20109,p52
20111,p53
20113,p53
20115,p53
20117,p53
20119,p53
20121,p53
20123,p53
20125,p53
20127,p53
20129,p52
20131,p53
20133,p53
20135,p53
20137,p52
20139,p53
20141,p53
20143,p53
20145,p53
20147,p53
20149,p53
20151,p53
20153,p52
20155,p53
20157,p53
20159,p53
20161,p53
20163,p53
20165,p53
20167,p53
20169,p53
20171,p52
20173,p53
20175,p53
20177,p53
20179,p52
20181,p52
20183,p53
20185,p53
20187,p52
20189,p52
20191,p53
20193,p52
20195,p52
20197,p53
20199,p52
20201,p53
20203,p52
20205,p53
20207,p53
20209,p53
21001,p109
21003,p93
21005,p109
21007,p93
21009,p109
21011,p109
21013,p109
21015,p109
21017,p109
21019,p110
21021,p109
21023,p109
21025,p110
21027,p108
21029,p109
21031,p93
21033,p108
21035,p93
21037,p109
21039,p93
21041,p109
21043,p110
21045,p109
21047,p93
21049,p109
21051,p109
21053,p93
21055,p108
21057,p93
21059,p108
21061,p109
21063,p109
21065,p109
21067,p109
21069,p109
21071,p110
21073,p109
21075,p93
21077,p109
21079,p109
21081,p109
21083,p93
21085,p108
21087,p109
21089,p109
21091,p108
21093,p109
21095,p109
21097,p109
21099,p109
21101,p108
21103,p109
21105,p93
21107,p108
21109,p109
21111,p109
21113,p109
21115,p109
21117,p109
21119,p110
21121,p109
21123,p109
21125,p109
21127,p110
21129,p109
21131,p110
21133,p110
21135,p109
21137,p109
21139,p93
21141,p93
21143,p93
21145,p93
21147,p93
21149,p108
21151,p109
21153,p109
21155,p109
21157,p93
21159,p110
21161,p109
21163,p109
21165,p109
21167,p109
21169,p93
21171,p93
21173,p109
21175,p109
21177,p108
21179,p109
21181,p109
21183,p108
21185,p109
21187,p109
21189,p109
21191,p109
21193,p110
21195,p110
21197,p109
21199,p93
21201,p109
21203,p109
21205,p109
21207,p93
21209,p109
21211,p109
21213,p93
21215,p109
21217,p109
21219,p93
21221,p93
21223,p109
21225,p108
21227,p93
21229,p109
21231,p93
21233,p108
21235,p109
21237,p109
21239,p109
22001,p58
22003,p58
22005,p58
22007,p58
22009,p58
22011,p58
22013,p58
22015,p58
22017,p58
22019,p58
22021,p58
22023,p58
22025,p58
22027,p86
22029,p58
22031,p58
22033,p58
22035,p86
22037,p58
22039,p58
22041,p86
22043,p58
22045,p58
22047,p58
22049,p58
22051,p58
22053,p58
22055,p58
22057,p58
22059,p58
22061,p86
22063,p58
22065,p86
22067,p86
22069,p58
22071,p58
22073,p86
22075,p58
22077,p58
22079,p58
22081,p58
22083,p86
22085,p58
22087,p58
22089,p58
22091,p58
22093,p58
22095,p58
22097,p58
22099,p58
22101,p58
22103,p58
22105,p58
22107,p86
22109,p58
22111,p86
22113,p58
22115,p58
22117,p58
22119,p58
22121,p58
22123,p86
22125,p58
22127,p58
23001,p134
23003,p134
23005,p134
23007,p134
23009,p134
23011,p134
23013,p134
23015,p134
23017,p134
23019,p134
23021,p134
23023,p134
23025,p134
23027,p134
23029,p134
23031,p134
24001,p121
24003,p123
24005,p123
24009,p123
24011,p123
24013,p123
24015,p123
24017,p123
24019,p123
24021,p121
24023,p121
24025,p123
24027,p123
24029,p123
24031,p123
24033,p123
24035,p123
24037,p123
24039,p123
24041,p123
24043,p121
24045,p123
24047,p123
24510,p123
25001,p131
25003,p131
25005,p131
25007,p131
25009,p131
25011,p131
25013,p131
25015,p131
25017,p131
25019,p131
25021,p131
25023,p131
25025,p131
25027,p131
26001,p103
26003,p74
26005,p103
26007,p103
26009,p103
26011,p103
26013,p74
26015,p103
26017,p103
26019,p103
26021,p104
26023,p103
26025,p103
26027,p104
26029,p103
26031,p103
26033,p103
26035,p103
26037,p103
26039,p103
26041,p74
26043,p74
26045,p103
26047,p103
26049,p103
26051,p103
26053,p74
26055,p103
26057,p103
26059,p103
26061,p74
26063,p103
26065,p103
26067,p103
26069,p103
26071,p74
26073,p103
26075,p103
26077,p104
26079,p103
26081,p103
26083,p74
26085,p103
26087,p103
26089,p103
26091,p103
26093,p103
26095,p103
26097,p103
26099,p103
26101,p103
26103,p74
26105,p103
26107,p103
26109,p74
26111,p103
26113,p103
26115,p103
26117,p103
26119,p103
26121,p103
26123,p103
26125,p103
26127,p103
26129,p103
26131,p74
26133,p103
26135,p103
26137,p103
26139,p103
26141,p103
26143,p103
26145,p103
26147,p103
26149,p104
26151,p103
26153,p103
26155,p103
26157,p103
26159,p104
26161,p103
26163,p103
26165,p103
27001,p43
27003,p43
27005,p42
27007,p42
27009,p43
27011,p43
27013,p68
27015,p68
27017,p43
27019,p43
27021,p43
27023,p44
27025,p43
27027,p42
27029,p42
27031,p43
27033,p68
27035,p43
27037,p43
27039,p43
27041,p43
27043,p68
27045,p68
27047,p68
27049,p43
27051,p43
27053,p43
27055,p68
27057,p43
27059,p43
27061,p43
27063,p68
27065,p43
27067,p43
27069,p42
27071,p42
27073,p44
27075,p43
27077,p42
27079,p43
27081,p44
27083,p44
27085,p43
27087,p42
27089,p42
27091,p68
27093,p43
27095,p43
27097,p43
27099,p68
27101,p44
27103,p68
27105,p44
27107,p42
27109,p43
27111,p43
27113,p42
27115,p43
27117,p44
27119,p42
27121,p43
27123,p43
27125,p42
27127,p44
27129,p44
27131,p43
27133,p44
27135,p42
27137,p43
27139,p43
27141,p43
27143,p43
27145,p43
27147,p43
27149,p43
27151,p43
27153,p43
27155,p43
27157,p43
27159,p43
27161,p68
27163,p43
27165,p68
27167,p43
27169,p43
27171,p43
27173,p44
28001,p87
28003,p88
28005,p87
28007,p87
28009,p88
28011,p87
28013,p88
28015,p87
28017,p88
28019,p88
28021,p87
28023,p87
28025,p88
28027,p87
28029,p87
28031,p87
28033,p87
28035,p87
28037,p87
28039,p87
28041,p87
28043,p87
28045,p87
28047,p87
28049,p87
28051,p87
28053,p87
28055,p87
28057,p88
28059,p87
28061,p87
28063,p87
28065,p87
28067,p87
28069,p88
28071,p88
28073,p87
28075,p87
28077,p87
28079,p87
28081,p88
28083,p87
28085,p87
28087,p88
28089,p87
28091,p87
28093,p88
28095,p88
28097,p87
28099,p88
28101,p87
28103,p88
28105,p88
28107,p87
28109,p87
28111,p87
28113,p87
28115,p88
28117,p88
28119,p87
28121,p87
28123,p87
28125,p87
28127,p87
28129,p87
28131,p87
28133,p87
28135,p87
28137,p87
28139,p88
28141,p88
28143,p87
28145,p88
28147,p87
28149,p87
28151,p87
28153,p87
28155,p88
28157,p87
28159,p88
28161,p88
28163,p87
29001,p71
29003,p54
29005,p54
29007,p72
29009,p55
29011,p55
29013,p55
29015,p55
29017,p73
29019,p72
29021,p54
29023,p84
29025,p54
29027,p72
29029,p84
29031,p72
29033,p54
29035,p84
29037,p54
29039,p55
29041,p54
29043,p55
29045,p71
29047,p54
29049,p54
29051,p72
29053,p72
29055,p73
29057,p55
29059,p84
29061,p54
29063,p54
29065,p84
29067,p55
29069,p84
29071,p72
29073,p72
29075,p54
29077,p55
29079,p54
29081,p54
29083,p55
29085,p55
29087,p54
29089,p72
29091,p84
29093,p73
29095,p54
29097,p55
29099,p72
29101,p54
29103,p71
29105,p84
29107,p54
29109,p55
29111,p71
29113,p72
29115,p54
29117,p54
29119,p55
29121,p71
29123,p73
29125,p72
29127,p71
29129,p54
29131,p72
29133,p72
29135,p72
29137,p71
29139,p72
29141,p72
29143,p84
29145,p55
29147,p54
29149,p84
29151,p72
29153,p55
29155,p84
29157,p72
29159,p54
29161,p73
29163,p72
29165,p54
29167,p55
29169,p73
29171,p54
29173,p71
29175,p72
29177,p54
29179,p73
29181,p84
29183,p72
29185,p55
29186,p72
29187,p72
29189,p72
29195,p54
29197,p71
29199,p71
29201,p72
29203,p84
29205,p71
29207,p84
29209,p55
29211,p54
29213,p55
29215,p84
29217,p55
29219,p72
29221,p73
29223,p84
29225,p55
29227,p54
29229,p84
29510,p72
30001,p17
30003,p18
30005,p18
30007,p17
30009,p18
30011,p35
30013,p18
30015,p18
30017,p35
30019,p35
30021,p35
30023,p17
30025,p35
30027,p20
30029,p17
30031,p18
30033,p19
30035,p18
30037,p20
30039,p17
30041,p18
30043,p17
30045,p20
30047,p17
30049,p18
30051,p18
30053,p17
30055,p35
30057,p17
30059,p18
30061,p17
30063,p17
30065,p20
30067,p18
30069,p20
30071,p18
30073,p18
30075,p20
30077,p17
30079,p35
30081,p17
30083,p35
30085,p35
30087,p20
30089,p17
30091,p35
30093,p17
30095,p18
30097,p18
30099,p18
30101,p18
30103,p20
30105,p19
30107,p20
30109,p35
30111,p20
31001,p40
31003,p40
31005,p39
31007,p39
31009,p40
31011,p40
31013,p39
31015,p40
31017,p40
31019,p40
31021,p41
31023,p40
31025,p41
31027,p40
31029,p39
31031,p40
31033,p39
31035,p40
31037,p41
31039,p40
31041,p40
31043,p40
31045,p39
31047,p40
31049,p39
31051,p40
31053,p41
31055,p41
31057,p39
31059,p40
31061,p40
31063,p40
31065,p40
31067,p40
31069,p39
31071,p40
31073,p40
31075,p39
31077,p40
31079,p40
31081,p40
31083,p40
31085,p40
31087,p40
31089,p40
31091,p40
31093,p40
31095,p40
31097,p41
31099,p40
31101,p39
31103,p40
31105,p39
31107,p40
31109,p41
31111,p40
31113,p40
31115,p40
31117,p40
31119,p40
31121,p40
31123,p39
31125,p40
31127,p41
31129,p40
31131,p41
31133,p41
31135,p39
31137,p40
31139,p40
31141,p40
31143,p40
31145,p40
31147,p41
31149,p40
31151,p40
31153,p41
31155,p41
31157,p39
31159,p40
31161,p39
31163,p40
31165,p39
31167,p40
31169,p40
31171,p40
31173,p40
31175,p40
31177,p41
31179,p40
31181,p40
31183,p40
31185,p40
32001,p12
32003,p13
32005,p12
32007,p12
32009,p12
32011,p12
32013,p12
32015,p12
32017,p12
32019,p12
32021,p12
32023,p12
32027,p12
32029,p12
32031,p12
32033,p12
32510,p12
33001,p130
33003,p130
33005,p130
33007,p130
33009,p130
33011,p130
33013,p130
33015,p130
33017,p130
33019,p130
34001,p126
34003,p126
34005,p126
34007,p126
34009,p126
34011,p126
34013,p126
34015,p126
34017,p126
34019,p126
34021,p126
34023,p126
34025,p126
34027,p126
34029,p126
34031,p126
34033,p126
34035,p126
34037,p126
34039,p126
34041,p126
35001,p31
35003,p31
35005,p47
35006,p31
35007,p31
35009,p47
35011,p31
35013,p31
35015,p47
35017,p31
35019,p31
35021,p31
35023,p31
35025,p47
35027,p31
35028,p31
35029,p31
35031,p31
35033,p31
35035,p31
35037,p47
35039,p31
35041,p47
35043,p31
35045,p31
35047,p31
35049,p31
35051,p31
35053,p31
35055,p31
35057,p31
35059,p31
35061,p31
36001,p127
36003,p127
36005,p127
36007,p127
36009,p127
36011,p127
36013,p127
36015,p127
36017,p127
36019,p127
36021,p127
36023,p127
36025,p127
36027,p127
36029,p127
36031,p127
36033,p127
36035,p127
36037,p127
36039,p127
36041,p127
36043,p127
36045,p127
36047,p127
36049,p127
36051,p127
36053,p127
36055,p127
36057,p127
36059,p128
36061,p127
36063,p127
36065,p127
36067,p127
36069,p127
36071,p127
36073,p127
36075,p127
36077,p127
36079,p127
36081,p127
36083,p127
36085,p127
36087,p127
36089,p127
36091,p127
36093,p127
36095,p127
36097,p127
36099,p127
36101,p127
36103,p128
36105,p127
36107,p127
36109,p127
36111,p127
36113,p127
36115,p127
36117,p127
36119,p127
36121,p127
36123,p127
37001,p98
37003,p97
37005,p97
37007,p97
37009,p97
37011,p97
37013,p98
37015,p98
37017,p98
37019,p98
37021,p97
37023,p97
37025,p97
37027,p97
37029,p98
37031,p98
37033,p98
37035,p97
37037,p98
37039,p97
37041,p98
37043,p97
37045,p97
37047,p98
37049,p98
37051,p98
37053,p98
37055,p98
37057,p97
37059,p97
37061,p98
37063,p98
37065,p98
37067,p97
37069,p98
37071,p97
37073,p98
37075,p97
37077,p98
37079,p98
37081,p97
37083,p98
37085,p98
37087,p97
37089,p97
37091,p98
37093,p98
37095,p98
37097,p97
37099,p97
37101,p98
37103,p98
37105,p98
37107,p98
37109,p97
37111,p97
37113,p97
37115,p97
37117,p98
37119,p97
37121,p97
37123,p98
37125,p98
37127,p98
37129,p98
37131,p98
37133,p98
37135,p98
37137,p98
37139,p98
37141,p98
37143,p98
37145,p98
37147,p98
37149,p97
37151,p97
37153,p98
37155,p98
37157,p97
37159,p97
37161,p97
37163,p98
37165,p98
37167,p97
37169,p97
37171,p97
37173,p97
37175,p97
37177,p98
37179,p97
37181,p98
37183,p98
37185,p98
37187,p98
37189,p97
37191,p98
37193,p97
37195,p98
37197,p97
37199,p97
38001,p36
38003,p37
38005,p37
38007,p36
38009,p37
38011,p36
38013,p36
38015,p36
38017,p37
38019,p37
38021,p36
38023,p36
38025,p36
38027,p37
38029,p36
38031,p37
38033,p36
38035,p37
38037,p36
38039,p37
38041,p36
38043,p37
38045,p37
38047,p36
38049,p37
38051,p36
38053,p36
38055,p37
38057,p36
38059,p36
38061,p36
38063,p37
38065,p36
38067,p37
38069,p37
38071,p37
38073,p37
38075,p36
38077,p37
38079,p37
38081,p37
38083,p37
38085,p36
38087,p36
38089,p36
38091,p37
38093,p37
38095,p37
38097,p37
38099,p37
38101,p37
38103,p37
38105,p36
39001,p112
39003,p112
39005,p112
39007,p111
39009,p112
39011,p112
39013,p112
39015,p114
39017,p114
39019,p112
39021,p112
39023,p113
39025,p114
39027,p113
39029,p111
39031,p112
39033,p112
39035,p111
39037,p112
39039,p112
39041,p112
39043,p111
39045,p112
39047,p113
39049,p112
39051,p111
39053,p112
39055,p111
39057,p113
39059,p112
39061,p114
39063,p112
39065,p112
39067,p112
39069,p112
39071,p112
39073,p112
39075,p112
39077,p112
39079,p112
39081,p112
39083,p112
39085,p111
39087,p112
39089,p112
39091,p112
39093,p111
39095,p111
39097,p113
39099,p111
39101,p112
39103,p111
39105,p112
39107,p112
39109,p113
39111,p112
39113,p113
39115,p112
39117,p112
39119,p112
39121,p112
39123,p111
39125,p112
39127,p112
39129,p112
39131,p112
39133,p111
39135,p113
39137,p112
39139,p112
39141,p112
39143,p111
39145,p112
39147,p112
39149,p112
39151,p111
39153,p111
39155,p111
39157,p112
39159,p112
39161,p112
39163,p112
39165,p114
39167,p112
39169,p112
39171,p112
39173,p111
39175,p112
40001,p51
40003,p50
40005,p50
40007,p49
40009,p50
40011,p50
40013,p50
40015,p50
40017,p50
40019,p50
40021,p51
40023,p50
40025,p49
40027,p50
40029,p50
40031,p50
40033,p50
40035,p51
40037,p51
40039,p50
40041,p51
40043,p50
40045,p50
40047,p50
40049,p50
40051,p50
40053,p50
40055,p50
40057,p50
40059,p50
40061,p50
40063,p50
40065,p50
40067,p50
40069,p50
40071,p50
40073,p50
40075,p50
40077,p50
40079,p50
40081,p50
40083,p50
40085,p50
40087,p50
40089,p50
40091,p50
40093,p50
40095,p50
40097,p51
40099,p50
40101,p51
40103,p50
40105,p51
40107,p50
40109,p50
40111,p51
40113,p51
40115,p51
40117,p50
40119,p50
40121,p50
40123,p50
40125,p50
40127,p50
40129,p50
40131,p51
40133,p50
40135,p50
40137,p50
40139,p49
40141,p50
40143,p51
40145,p51
40147,p51
40149,p50
40151,p50
40153,p50
41001,p7
41003,p5
41005,p5
41007,p5
41009,p5
41011,p6
41013,p5
41015,p6
41017,p5
41019,p6
41021,p5
41023,p5
41025,p7
41027,p5
41029,p6
41031,p5
41033,p6
41035,p6
41037,p7
41039,p5
41041,p5
41043,p5
41045,p7
41047,p5
41049,p5
41051,p5
41053,p5
41055,p5
41057,p5
41059,p5
41061,p5
41063,p5
41065,p5
41067,p5
41069,p5
41071,p5
42001,p122
42003,p115
42005,p115
42007,p115
42009,p122
42011,p122
42013,p122
42015,p122
42017,p122
42019,p115
42021,p122
42023,p119
42025,p122
42027,p119
42029,p122
42031,p122
42033,p122
42035,p119
42037,p122
42039,p122
42041,p122
42043,p122
42045,p122
42047,p119
42049,p122
42051,p115
42053,p122
42055,p120
42057,p120
42059,p115
42061,p122
42063,p122
42065,p122
42067,p122
42069,p122
42071,p122
42073,p122
42075,p122
42077,p122
42079,p122
42081,p122
42083,p122
42085,p122
42087,p122
42089,p122
42091,p122
42093,p122
42095,p122
42097,p122
42099,p122
42101,p122
42103,p122
42105,p119
42107,p122
42109,p122
42111,p122
42113,p122
42115,p122
42117,p122
42119,p122
42121,p122
42123,p122
42125,p115
42127,p122
42129,p115
42131,p122
42133,p122
44001,p133
44003,p133
44005,p133
44007,p133
44009,p133
45001,p95
45003,p96
45005,p96
45007,p95
45009,p96
45011,p96
45013,p96
45015,p96
45017,p96
45019,p96
45021,p95
45023,p95
45025,p96
45027,p96
45029,p96
45031,p96
45033,p96
45035,p96
45037,p96
45039,p96
45041,p96
45043,p96
45045,p95
45047,p95
45049,p96
45051,p96
45053,p96
45055,p96
45057,p95
45059,p95
45061,p96
45063,p96
45065,p96
45067,p96
45069,p96
45071,p96
45073,p95
45075,p96
45077,p95
45079,p96
45081,p96
45083,p95
45085,p96
45087,p95
45089,p96
45091,p95
46003,p38
46005,p38
46007,p38
46009,p38
46011,p38
46013,p38
46015,p38
46017,p38
46019,p32
46021,p38
46023,p38
46025,p38
46027,p38
46029,p38
46031,p38
46033,p32
46035,p38
46037,p38
46039,p38
46041,p38
46043,p38
46045,p38
46047,p32
46049,p38
46051,p38
46053,p38
46055,p38
46057,p38
46059,p38
46061,p38
46063,p38
46065,p38
46067,p38
46069,p38
46071,p38
46073,p38
46075,p38
46077,p38
46079,p38
46081,p32
46083,p38
46085,p38
46087,p38
46089,p38
46091,p38
46093,p38
46095,p38
46097,p38
46099,p38
46101,p38
46102,p38
46103,p32
46105,p38
46107,p38
46109,p38
46111,p38
46115,p38
46117,p38
46119,p38
46121,p38
46123,p38
46125,p38
46127,p38
46129,p38
46135,p38
46137,p38
47001,p92
47003,p92
47005,p92
47007,p92
47009,p92
47011,p92
47013,p92
47015,p92
47017,p92
47019,p92
47021,p92
47023,p92
47025,p92
47027,p92
47029,p92
47031,p92
47033,p92
47035,p92
47037,p92
47039,p92
47041,p92
47043,p92
47045,p92
47047,p92
47049,p92
47051,p92
47053,p92
47055,p92
47057,p92
47059,p92
47061,p92
47063,p92
47065,p92
47067,p92
47069,p92
47071,p92
47073,p92
47075,p92
47077,p92
47079,p92
47081,p92
47083,p92
47085,p92
47087,p92
47089,p92
47091,p92
47093,p92
47095,p92
47097,p92
47099,p92
47101,p92
47103,p92
47105,p92
47107,p92
47109,p92
47111,p92
47113,p92
47115,p92
47117,p92
47119,p92
47121,p92
47123,p92
47125,p92
47127,p92
47129,p92
47131,p92
47133,p92
47135,p92
47137,p92
47139,p92
47141,p92
47143,p92
47145,p92
47147,p92
47149,p92
47151,p92
47153,p92
47155,p92
47157,p92
47159,p92
47161,p92
47163,p92
47165,p92
47167,p92
47169,p92
47171,p92
47173,p92
47175,p92
47177,p92
47179,p92
47181,p92
47183,p92
47185,p92
47187,p92
47189,p92
48001,p63
48003,p62
48005,p63
48007,p65
48009,p63
48011,p48
48013,p65
48015,p64
48017,p48
48019,p64
48021,p64
48023,p60
48025,p65
48027,p63
48029,p65
48031,p64
48033,p60
48035,p63
48037,p57
48039,p67
48041,p64
48043,p61
48045,p60
48047,p65
48049,p63
48051,p64
48053,p64
48055,p64
48057,p65
48059,p61
48061,p65
48063,p57
48065,p48
48067,p57
48069,p48
48071,p66
48073,p63
48075,p60
48077,p63
48079,p48
48081,p61
48083,p61
48085,p63
48087,p48
48089,p64
48091,p64
48093,p63
48095,p61
48097,p63
48099,p63
48101,p60
48103,p62
48105,p61
48107,p60
48109,p61
48111,p48
48113,p63
48115,p60
48117,p48
48119,p63
48121,p63
48123,p64
48125,p60
48127,p65
48129,p48
48131,p65
48133,p63
48135,p62
48137,p64
48139,p63
48141,p59
48143,p63
48145,p63
48147,p63
48149,p64
48151,p60
48153,p48
48155,p60
48157,p67
48159,p63
48161,p63
48163,p65
48165,p48
48167,p67
48169,p48
48171,p64
48173,p62
48175,p65
48177,p64
48179,p48
48181,p63
48183,p57
48185,p64
48187,p64
48189,p48
48191,p60
48193,p63
48195,p48
48197,p60
48199,p66
48201,p67
48203,p57
48205,p48
48207,p60
48209,p64
48211,p48
48213,p63
48215,p65
48217,p63
48219,p48
48221,p63
48223,p63
48225,p63
48227,p60
48229,p61
48231,p63
48233,p48
48235,p61
48237,p63
48239,p65
48241,p66
48243,p61
48245,p66
48247,p65
48249,p65
48251,p63
48253,p60
48255,p65
48257,p63
48259,p64
48261,p65
48263,p60
48265,p64
48267,p64
48269,p60
48271,p61
48273,p65
48275,p60
48277,p63
48279,p48
48281,p63
48283,p65
48285,p64
48287,p64
48289,p63
48291,p66
48293,p63
48295,p48
48297,p65
48299,p64
48301,p62
48303,p48
48305,p48
48307,p63
48309,p63
48311,p65
48313,p63
48315,p57
48317,p62
48319,p64
48321,p65
48323,p65
48325,p65
48327,p64
48329,p62
48331,p63
48333,p63
48335,p60
48337,p63
48339,p66
48341,p48
48343,p57
48345,p60
48347,p66
48349,p63
48351,p66
48353,p60
48355,p65
48357,p48
48359,p48
48361,p66
48363,p63
48365,p57
48367,p63
48369,p48
48371,p61
48373,p66
48375,p48
48377,p61
48379,p63
48381,p48
48383,p62
48385,p64
48387,p63
48389,p61
48391,p65
48393,p48
48395,p63
48397,p63
48399,p61
48401,p63
48403,p66
48405,p66
48407,p66
48409,p65
48411,p63
48413,p61
48415,p60
48417,p63
48419,p66
48421,p48
48423,p63
48425,p63
48427,p65
48429,p63
48431,p61
48433,p60
48435,p61
48437,p48
48439,p63
48441,p61
48443,p61
48445,p48
48447,p63
48449,p57
48451,p61
48453,p64
48455,p66
48457,p66
48459,p57
48461,p62
48463,p65
48465,p61
48467,p63
48469,p65
48471,p64
48473,p64
48475,p62
48477,p64
48479,p65
48481,p65
48483,p48
48485,p63
48487,p60
48489,p65
48491,p64
48493,p65
48495,p62
48497,p63
48499,p63
48501,p48
48503,p63
48505,p65
48507,p65
49001,p25
49003,p25
49005,p25
49007,p25
49009,p26
49011,p25
49013,p26
49015,p25
49017,p25
49019,p25
49021,p25
49023,p25
49025,p25
49027,p25
49029,p26
49031,p25
49033,p26
49035,p25
49037,p25
49039,p25
49041,p25
49043,p26
49045,p25
49047,p26
49049,p25
49051,p26
49053,p25
49055,p25
49057,p25
50001,p129
50003,p129
50005,p129
50007,p129
50009,p129
50011,p129
50013,p129
50015,p129
50017,p129
50019,p129
50021,p129
50023,p129
50025,p129
50027,p129
51001,p124
51003,p99
51005,p99
51007,p99
51009,p118
51011,p99
51013,p99
51015,p99
51017,p99
51019,p118
51021,p118
51023,p118
51025,p99
51027,p118
51029,p99
51031,p99
51033,p99
51035,p118
51036,p99
51037,p99
51041,p99
51043,p100
51045,p118
51047,p99
51049,p99
51051,p118
51053,p99
51057,p99
51059,p99
51061,p99
51063,p118
51065,p99
51067,p118
51069,p100
51071,p118
51073,p99
51075,p99
51077,p118
51079,p100
51081,p99
51083,p99
51085,p99
51087,p99
51089,p118
51091,p99
51093,p99
51095,p99
51097,p99
51099,p99
51101,p99
51103,p99
51105,p118
51107,p99
51109,p99
51111,p99
51113,p100
51115,p99
51117,p99
51119,p99
51121,p118
51125,p118
51127,p99
51131,p124
51133,p99
51135,p99
51137,p99
51139,p100
51141,p118
51143,p99
51145,p99
51147,p99
51149,p99
51153,p99
51155,p118
51157,p100
51159,p99
51161,p118
51163,p99
51165,p99
51167,p118
51169,p118
51171,p99
51173,p118
51175,p99
51177,p99
51179,p99
51181,p99
51183,p99
51185,p118
51187,p100
51191,p118
51193,p99
51195,p118
51197,p118
51199,p99
51510,p99
51520,p118
51530,p99
51540,p99
51550,p99
51570,p99
51580,p99
51590,p99
51595,p99
51600,p99
51610,p99
51620,p99
51630,p99
51640,p118
51650,p99
51660,p99
51670,p99
51678,p99
51680,p118
51683,p99
51685,p99
51690,p118
51700,p99
51710,p99
51720,p118
51730,p99
51735,p99
51740,p99
51750,p118
51760,p99
51770,p118
51775,p118
51790,p99
51800,p99
51810,p99
51820,p99
51830,p99
51840,p100
53001,p3
53003,p2
53005,p2
53007,p1
53009,p2
53011,p2
53013,p2
53015,p2
53017,p4
53019,p3
53021,p3
53023,p2
53025,p4
53027,p2
53029,p1
53031,p2
53033,p1
53035,p1
53037,p1
53039,p2
53041,p2
53043,p3
53045,p2
53047,p3
53049,p2
53051,p3
53053,p1
53055,p1
53057,p1
53059,p2
53061,p1
53063,p3
53065,p3
53067,p1
53069,p2
53071,p2
53073,p1
53075,p3
53077,p2
54001,p116
54003,p116
54005,p117
54007,p116
54009,p116
54011,p117
54013,p116
54015,p116
54017,p116
54019,p117
54021,p116
54023,p116
54025,p116
54027,p116
54029,p116
54031,p116
54033,p116
54035,p116
54037,p116
54039,p117
54041,p116
54043,p117
54045,p117
54047,p117
54049,p116
54051,p116
54053,p117
54055,p117
54057,p116
54059,p117
54061,p116
54063,p116
54065,p116
54067,p116
54069,p116
54071,p116
54073,p116
54075,p116
54077,p116
54079,p117
54081,p117
54083,p116
54085,p116
54087,p116
54089,p116
54091,p116
54093,p116
54095,p116
54097,p116
54099,p117
54101,p116
54103,p116
54105,p116
54107,p116
54109,p117
55001,p76
55003,p46
55005,p46
55007,p46
55009,p75
55011,p46
55013,p46
55015,p76
55017,p46
55019,p46
55021,p76
55023,p77
55025,p78
55027,p76
55029,p75
55031,p46
55033,p46
55035,p46
55037,p75
55039,p76
55041,p75
55043,p77
55045,p78
55047,p76
55049,p77
55051,p46
55053,p77
55055,p79
55057,p76
55059,p79
55061,p75
55063,p46
55065,p77
55067,p75
55069,p75
55071,p75
55073,p75
55075,p75
55077,p76
55078,p76
55079,p79
55081,p77
55083,p75
55085,p75
55087,p76
55089,p79
55091,p46
55093,p46
55095,p46
55097,p75
55099,p46
55101,p79
55103,p77
55105,p78
55107,p46
55109,p46
55111,p77
55113,p46
55115,p76
55117,p79
55119,p46
55121,p46
55123,p77
55125,p75
55127,p79
55129,p46
55131,p79
55133,p79
55135,p76
55137,p76
55139,p76
55141,p76
56001,p24
56003,p21
56005,p23
56007,p24
56009,p24
56011,p23
56013,p21
56015,p24
56017,p21
56019,p22
56021,p24
56023,p21
56025,p24
56027,p24
56029,p21
56031,p24
56033,p22
56035,p21
56037,p21
56039,p21
56041,p21
56043,p21
56045,p23
